Workbook

Sheet 使い方
B1: 看護業務量集計シート（改良版）― 使い方
B2: 業務ごとの時間を記録し、AI導入前後の効果測定ベースライン／多職種協働加算のエビデンスに使います。
B3: ★ 患者情報は入力しません。記録するのは業務区分・時間・（任意の）備考だけです。担当者は匿名IDで。
B5: シート構成
B6: ① 入力 … ここに記録する（メタ情報＋業務ごとの分数） ② 定義 … 分類マスタ（編集で分類を変更可） ③ 集計 … 自動集計（触らない）
B8: A. 手入力（マクロなしでも使えます）
B9: 1) 上部で 部署・担当者(匿名ID)・勤務帯・日付 を選ぶ（勤務帯を選ぶと勤務時間が自動表示）
B10: 2) 各行で 中分類 を選ぶ → 小分類 が自動で絞り込まれる → 選ぶ（大分類は自動表示）
B11: 3) 勤務時間内(分)・勤務時間外(分) に分数を入力（計は自動）。備考は任意
B12: 例）中分類=間接看護 / 小分類=看護記録 / 勤務時間内=30 / 勤務時間外=0
B14: B. ワンタップ記録（マクロ導入後）― おすすめ
B15: 「開始」を押した時刻から「切替」「終了」までの経過分を自動計算し、勤務時間内/外に振り分けて1行追加します。
... B30: ── 参考：入力例 ──
B31: 大分類 | C31: 中分類 | D31: 小分類 | E31: 内(分) | F31: 外(分) | G31: 備考
B32: A 患者中心の看護活動 | C32: 間接看護 | D32: 看護記録 | E32: 30 | F32: 0 | G32: 退院sx2
B33: A 患者中心の看護活動 | C33: 直接看護Ⅰ | D33: 測定・観察 | E33: 25 | F33: 5
B34: B 看護単位中心の活動 | C34: 連絡 | D34: 電話連絡 | E34: 0 | F34: 10
B37: ── 入力シート用コード（任意・小分類の自動クリア）──
B38: Private Sub Worksheet_Change(ByVal Target As Range)
B39: ' 中分類(B列)を変えたら同じ行の小分類(C列)をクリア
B40: If Not Intersect(Target, Me.Range("B7:B126")) Is Nothing Then
B41: Application.EnableEvents = False
B42: Me.Cells(Target.Row, 3).ClearContents
B43: Application.EnableEvents = True
B44: End If
B45: ' パネルの中分類(J5)を変えたら小分類(J6)をクリア
B46: If Not Intersect(Target, Me.Range("J5")) Is Nothing Then
B47: Application.EnableEvents = False: Me.Range("J6").ClearContents: Application.EnableEvents = True
B48: End If
... B62: End Sub

Sheet 入力
A1: 看護業務量集計シート | N1: 開始時刻(内部)
A2: 中分類を選ぶと小分類が絞り込まれます。勤務時間内／外に分数を入力してください。 | M2: ▼ サーバ同期設定
M3: APIのURL | N3: http://（院内IP）:8300
A4: 部署名 | C4: 担当者（匿名ID） | E4: 勤務帯 | G4: 日付 | I4: ▼ ワンタップ記録（マクロ） | K4: → 導入後：開始／切替／終了ボタンで自動記録 | M4: オンライン同期 | N4: ON | O4: ※持ち出し時はOFF（自動でオフライン保留）
A5: 勤務時間 | B5: =IFERROR(VLOOKUP($F$4,定義!$Q:$S,2,FALSE()),"") | C5: 〜 | D5: =IFERROR(VLOOKUP($F$4,定義!$Q:$S,3,FALSE()),"") | E5: （勤務帯を選ぶと自動表示） | I5: 中分類 | M5: 状態 | N5: —
A6: 大分類 | B6: 中分類 | C6: 小分類 | D6: 勤務時間内(分) | E6: 勤務時間外(分) | F6: 計(分) | G6: 備考 | I6: 小分類 | M6: 未送信フラグ(内部) | N6: 0
A7: =IFERROR(IF($B7="","",VLOOKUP($B7,定義!$A:$B,2,FALSE())),"") | F7: =IF(COUNT($D7:$E7)=0,"",SUM($D7:$E7)) | I7: 状態 | J7: 停止中
A8: =IFERROR(IF($B8="","",VLOOKUP($B8,定義!$A:$B,2,FALSE())),"") | F8: =IF(COUNT($D8:$E8)=0,"",SUM($D8:$E8))
A9: =IFERROR(IF($B9="","",VLOOKUP($B9,定義!$A:$B,2,FALSE())),"") | F9: =IF(COUNT($D9:$E9)=0,"",SUM($D9:$E9))
A10: =IFERROR(IF($B10="","",VLOOKUP($B10,定義!$A:$B,2,FALSE())),"") | F10: =IF(COUNT($D10:$E10)=0,"",SUM($D10:$E10))
A11: =IFERROR(IF($B11="","",VLOOKUP($B11,定義!$A:$B,2,FALSE())),"") | F11: =IF(COUNT($D11:$E11)=0,"",SUM($D11:$E11))
A12: =IFERROR(IF($B12="","",VLOOKUP($B12,定義!$A:$B,2,FALSE())),"") | F12: =IF(COUNT($D12:$E12)=0,"",SUM($D12:$E12))
A13: =IFERROR(IF($B13="","",VLOOKUP($B13,定義!$A:$B,2,FALSE())),"") | F13: =IF(COUNT($D13:$E13)=0,"",SUM($D13:$E13))
A14: =IFERROR(IF($B14="","",VLOOKUP($B14,定義!$A:$B,2,FALSE())),"") | F14: =IF(COUNT($D14:$E14)=0,"",SUM($D14:$E14))
A15: =IFERROR(IF($B15="","",VLOOKUP($B15,定義!$A:$B,2,FALSE())),"") | F15: =IF(COUNT($D15:$E15)=0,"",SUM($D15:$E15))
A16: =IFERROR(IF($B16="","",VLOOKUP($B16,定義!$A:$B,2,FALSE())),"") | F16: =IF(COUNT($D16:$E16)=0,"",SUM($D16:$E16))
A17: =IFERROR(IF($B17="","",VLOOKUP($B17,定義!$A:$B,2,FALSE())),"") | F17: =IF(COUNT($D17:$E17)=0,"",SUM($D17:$E17))
A18: =IFERROR(IF($B18="","",VLOOKUP($B18,定義!$A:$B,2,FALSE())),"") | F18: =IF(COUNT($D18:$E18)=0,"",SUM($D18:$E18))
A19: =IFERROR(IF($B19="","",VLOOKUP($B19,定義!$A:$B,2,FALSE())),"") | F19: =IF(COUNT($D19:$E19)=0,"",SUM($D19:$E19))
... A126: =IFERROR(IF($B126="","",VLOOKUP($B126,定義!$A:$B,2,FALSE())),"") | F126: =IF(COUNT($D126:$E126)=0,"",SUM($D126:$E126))

Sheet 定義
A1: 中分類 | B1: 大分類 | C1: 名前定義キー | E1: 直接看護Ⅰ | F1: 直接看護Ⅱ | G1: 直接看護Ⅲ | H1: 間接看護 | I1: 物品管理 | J1: 環境整備 | K1: 事務 | L1: 連絡 | M1: 管理・教育 | N1: 私用 | P1: 部署（例） | Q1: 勤務帯 | R1: 開始 | S1: 終了
A2: 直接看護Ⅰ | B2: A 患者中心の看護活動 | C2: sub_direct1 | E2: 清潔 | F2: 看護処置 | G2: 患者指導 | H2: 看護記録 | I2: 薬品 | J2: ハウスキーピング | K2: 事務一般 | L2: ナースコール | M2: 管理業務 | N2: 食事・休憩 | P2: 病棟A | Q2: 日勤 | R2: 08:30 | S2: 17:00
A3: 直接看護Ⅱ | B3: A 患者中心の看護活動 | C3: sub_direct2 | E3: 排泄 | F3: 処置の介助 | G3: 患者搬送 | H3: 看護計画 | I3: 消耗品 | J3: 器材の整備 | K3: 搬送（患者以外） | L3: 電話連絡 | M3: 研修 | N3: 私用（トイレ） | P3: 病棟B | Q3: 夜勤 | R3: 16:30 | S3: 09:00
A4: 直接看護Ⅲ | B4: A 患者中心の看護活動 | C4: sub_direct3 | E4: 食事 | F4: 与薬（内服・外用・他） | G4: 患者の用事 | H4: サマリー | I4: 滅菌器材 | J4: 清拭車の準備 | L4: 待ち時間 | M4: 学生指導 | P4: 病棟C | Q4: 早出 | R4: 07:00 | S4: 15:30
A5: 間接看護 | B5: A 患者中心の看護活動 | C5: sub_indirect | E5: 安全・安楽 | F5: 与薬（注射） | G5: 転室・転棟 | H5: 診療報酬に係る記録 | P5: 外来 | Q5: 遅出 | R5: 11:00 | S5: 19:30
A6: 物品管理 | B6: B 看護単位中心の活動 | C6: sub_supplies | E6: 測定・観察 | F6: 回診の介助 | H6: 引継ぎ | P6: その他 | Q6: ※既定の勤務時間。施設に合わせて編集可
A7: 環境整備 | B7: B 看護単位中心の活動 | C7: sub_env | E7: コミュニケーション | F7: 検査 | H7: カンファレンス
A8: 事務 | B8: B 看護単位中心の活動 | C8: sub_clerical | E8: 病室環境整備 | F8: 病室巡視 | H8: 指示受け・報告
A9: 連絡 | B9: B 看護単位中心の活動 | C9: sub_contact | F9: MEの使用準備 | H9: 情報収集
A10: 管理・教育 | B10: C 職員中心の活動 | C10: sub_admin_edu
A11: 私用 | B11: D その他の活動 | C11: sub_personal

Sheet 集計
A1: 集計結果（自動計算）
A2: 「入力」シートに書くと自動で反映されます。用紙の合計行と同じ並びです。
A4: 大分類 | B4: 中分類 | C4: 勤務時間内(分) | D4: 勤務時間外(分) | E4: 合計(分) | F4: 割合
A5: A 患者中心の看護活動 | B5: 直接看護Ⅰ | C5: =SUMIF(入力!$B$7:$B$126,$B5,入力!$D$7:$D$126) | D5: =SUMIF(入力!$B$7:$B$126,$B5,入力!$E$7:$E$126) | E5: =SUM($C5:$D5) | F5: =IF($E$15=0,"",$E5/$E$15)
B6: 直接看護Ⅱ | C6: =SUMIF(入力!$B$7:$B$126,$B6,入力!$D$7:$D$126) | D6: =SUMIF(入力!$B$7:$B$126,$B6,入力!$E$7:$E$126) | E6: =SUM($C6:$D6) | F6: =IF($E$15=0,"",$E6/$E$15)
B7: 直接看護Ⅲ | C7: =SUMIF(入力!$B$7:$B$126,$B7,入力!$D$7:$D$126) | D7: =SUMIF(入力!$B$7:$B$126,$B7,入力!$E$7:$E$126) | E7: =SUM($C7:$D7) | F7: =IF($E$15=0,"",$E7/$E$15)
B8: 間接看護 | C8: =SUMIF(入力!$B$7:$B$126,$B8,入力!$D$7:$D$126) | D8: =SUMIF(入力!$B$7:$B$126,$B8,入力!$E$7:$E$126) | E8: =SUM($C8:$D8) | F8: =IF($E$15=0,"",$E8/$E$15)
A9: B 看護単位中心の活動 | B9: 物品管理 | C9: =SUMIF(入力!$B$7:$B$126,$B9,入力!$D$7:$D$126) | D9: =SUMIF(入力!$B$7:$B$126,$B9,入力!$E$7:$E$126) | E9: =SUM($C9:$D9) | F9: =IF($E$15=0,"",$E9/$E$15)
B10: 環境整備 | C10: =SUMIF(入力!$B$7:$B$126,$B10,入力!$D$7:$D$126) | D10: =SUMIF(入力!$B$7:$B$126,$B10,入力!$E$7:$E$126) | E10: =SUM($C10:$D10) | F10: =IF($E$15=0,"",$E10/$E$15)
B11: 事務 | C11: =SUMIF(入力!$B$7:$B$126,$B11,入力!$D$7:$D$126) | D11: =SUMIF(入力!$B$7:$B$126,$B11,入力!$E$7:$E$126) | E11: =SUM($C11:$D11) | F11: =IF($E$15=0,"",$E11/$E$15)
B12: 連絡 | C12: =SUMIF(入力!$B$7:$B$126,$B12,入力!$D$7:$D$126) | D12: =SUMIF(入力!$B$7:$B$126,$B12,入力!$E$7:$E$126) | E12: =SUM($C12:$D12) | F12: =IF($E$15=0,"",$E12/$E$15)
A13: C 職員中心の活動 | B13: 管理・教育 | C13: =SUMIF(入力!$B$7:$B$126,$B13,入力!$D$7:$D$126) | D13: =SUMIF(入力!$B$7:$B$126,$B13,入力!$E$7:$E$126) | E13: =SUM($C13:$D13) | F13: =IF($E$15=0,"",$E13/$E$15)
A14: D その他の活動 | B14: 私用 | C14: =SUMIF(入力!$B$7:$B$126,$B14,入力!$D$7:$D$126) | D14: =SUMIF(入力!$B$7:$B$126,$B14,入力!$E$7:$E$126) | E14: =SUM($C14:$D14) | F14: =IF($E$15=0,"",$E14/$E$15)
B15: 総計 | C15: =SUM($C5:$C14) | D15: =SUM($D5:$D14) | E15: =SUM($E5:$E14)
A17: 大分類別
A18: 大分類 | C18: 勤務時間内(分) | D18: 勤務時間外(分) | E18: 合計(分) | F18: 割合
A19: A 患者中心の看護活動 | C19: =SUMPRODUCT((定義!$B$2:$B$11=$A19)*$C$5:$C$14) | D19: =SUMPRODUCT((定義!$B$2:$B$11=$A19)*$D$5:$D$14) | E19: =SUM($C19:$D19) | F19: =IF($E$15=0,"",$E19/$E$15)
A20: B 看護単位中心の活動 | C20: =SUMPRODUCT((定義!$B$2:$B$11=$A20)*$C$5:$C$14) | D20: =SUMPRODUCT((定義!$B$2:$B$11=$A20)*$D$5:$D$14) | E20: =SUM($C20:$D20) | F20: =IF($E$15=0,"",$E20/$E$15)
A21: C 職員中心の活動 | C21: =SUMPRODUCT((定義!$B$2:$B$11=$A21)*$C$5:$C$14) | D21: =SUMPRODUCT((定義!$B$2:$B$11=$A21)*$D$5:$D$14) | E21: =SUM($C21:$D21) | F21: =IF($E$15=0,"",$E21/$E$15)
A22: D その他の活動 | C22: =SUMPRODUCT((定義!$B$2:$B$11=$A22)*$C$5:$C$14) | D22: =SUMPRODUCT((定義!$B$2:$B$11=$A22)*$D$5:$D$14) | E22: =SUM($C22:$D22) | F22: =IF($E$15=0,"",$E22/$E$15)
A24: ★ AI効果測定ベースライン
A25: AIツール | B25: 対象業務 | C25: 勤務時間内(分) | D25: 勤務時間外(分) | E25: 合計(分) | F25: 割合
A26: medai SOAP Voice | B26: 看護記録 | C26: =SUMIF(入力!$C$7:$C$126,$B26,入力!$D$7:$D$126) | D26: =SUMIF(入力!$C$7:$C$126,$B26,入力!$E$7:$E$126) | E26: =SUM($C26:$D26) | F26: =IF($E$15=0,"",$E26/$E$15)
A27: SummyAI | B27: サマリー | C27: =SUMIF(入力!$C$7:$C$126,$B27,入力!$D$7:$D$126) | D27: =SUMIF(入力!$C$7:$C$126,$B27,入力!$E$7:$E$126) | E27: =SUM($C27:$D27) | F27: =IF($E$15=0,"",$E27/$E$15)
A28: 議事録自動生成 | B28: カンファレンス | C28: =SUMIF(入力!$C$7:$C$126,$B28,入力!$D$7:$D$126) | D28: =SUMIF(入力!$C$7:$C$126,$B28,入力!$E$7:$E$126) | E28: =SUM($C28:$D28) | F28: =IF($E$15=0,"",$E28/$E$15)
